Borough,Neighborhood,Zip,naics,est,Median Income,White Pop,Afr Am Pop,Asian Pop,Native Am Pacific Pop,Other Pop,Multi Race Pop,Lat,Lng,Total
Brooklyn,Borough Park,11204,713940,2,47341,46888,891,25264,0,0,1305,40.61723,-73.98524,74348
Brooklyn,Borough Park,11218,713940,1,64152,43954,6272,15129,0,0,3061,40.64265,-73.97566,68416
Brooklyn,Borough Park,11219,713940,3,37665,62415,1065,23062,0,0,1115,40.63324,-73.99563,87657
Brooklyn,Borough Park,11230,713940,3,46013,62650,6595,12784,0,0,1773,40.62285,-73.96363,83802
Bronx,Bronx Park and Fordham,10458,713940,2,32129,16315,17243,2330,31,31,3822,40.86302,-73.88909,39772
Bronx,Bronx Park and Fordham,10467,713940,5,35381,21948,36295,6120,53,53,3974,40.87356,-73.87147,68443
Bronx,Bronx Park and Fordham,10468,713940,1,35398,10362,16180,2735,9,9,3117,40.86638,-73.89984,32412
Brooklyn,Bushwick and Williamsburg,11206,713940,8,34122,40751,23547,6028,47,47,3213,40.70175,-73.94388,73633
Brooklyn,Bushwick and Williamsburg,11221,713940,2,47170,23617,43466,3135,16,16,2599,40.69107,-73.92792,72849
Brooklyn,Bushwick and Williamsburg,11237,713940,1,51269,23952,8906,4205,24,24,1600,40.70188,-73.91955,38711
Brooklyn,Canarsie and Flatlands,11234,713940,7,79490,41216,45387,5926,9,9,1428,40.62185,-73.92252,93975
Brooklyn,Canarsie and Flatlands,11236,713940,3,63700,5973,87124,2767,0,0,1132,40.6417,-73.90304,96996
Bronx,Central Bronx,10453,713940,1,24421,7514,26277,1472,41,41,1929,40.85226,-73.91093,37274
Brooklyn,Central Brooklyn,11212,713940,1,25677,5428,68660,988,8,8,1733,40.66188,-73.9154,76825
Brooklyn,Central Brooklyn,11213,713940,2,40604,14378,44560,1627,0,0,1944,40.67098,-73.93595,62509
Brooklyn,Central Brooklyn,11216,713940,3,56025,15019,34693,2781,16,16,2199,40.68005,-73.94939,54724
Brooklyn,Central Brooklyn,11238,713940,8,79013,23996,22640,3300,19,19,2823,40.6798,-73.96348,52797
Manhattan,Central Harlem,10026,713940,3,54349,11031,21223,2254,31,31,1385,40.80484,-73.95284,35955
Manhattan,Central Harlem,10027,713940,4,45536,20531,26358,6187,5,5,2490,40.81092,-73.9521,55576
Manhattan,Central Harlem,10030,713940,1,36118,4713,20007,535,65,65,1785,40.81832,-73.94277,27170
Manhattan,Central Harlem,10037,713940,2,39979,2137,15537,520,23,23,1165,40.81291,-73.93801,19405
Manhattan,Central Harlem,10039,713940,1,34197,3592,17202,504,10,10,1209,40.82538,-73.93825,22527
Queens,Central Queens,11365,713940,4,63455,16089,3454,20339,16,16,1596,40.73758,-73.79633,41510
Queens,Central Queens,11366,713940,2,67115,5902,806,6734,0,0,444,40.72684,-73.79738,13886
Queens,Central Queens,11367,713940,1,58924,24400,3502,11519,0,0,1863,40.7261,-73.81891,41284
Manhattan,Chelsea and Clinton,10001,713940,20,85221,14923,2626,5242,5,5,527,40.74949,-73.98935,23328
Manhattan,Chelsea and Clinton,10011,713940,33,123208,39858,2748,5289,4,4,1459,40.74076,-73.99875,49362
Manhattan,Chelsea and Clinton,10018,713940,13,107861,5711,576,2847,0,0,411,40.75352,-73.98917,9545
Manhattan,Chelsea and Clinton,10019,713940,29,99063,28668,2551,6850,53,53,1486,40.76498,-73.98447,39661
Manhattan,Chelsea and Clinton,10020,713940,2,-666666666,0,0,0,0,0,0,40.75887,-73.97961,0
Manhattan,Chelsea and Clinton,10036,713940,22,93707,17332,2049,5083,0,0,587,40.75918,-73.9884,25051
Manhattan,East Harlem,10029,713940,2,34015,26938,24772,7717,188,188,2652,40.79204,-73.94433,62455
Manhattan,East Harlem,10035,713940,2,27932,7505,14127,1830,37,37,1489,40.80136,-73.93806,25025
Brooklyn,East New York and New Lots,11207,713940,1,35809,12852,60551,1509,117,117,2288,40.67151,-73.89541,77434
Brooklyn,Flatbush,11203,713940,1,48140,3208,67853,1309,11,11,1222,40.65205,-73.93485,73614
Brooklyn,Flatbush,11210,713940,3,62202,20785,40809,3031,0,0,1273,40.63041,-73.94665,65898
Brooklyn,Flatbush,11225,713940,1,51926,15148,39470,1590,65,65,1232,40.6632,-73.95423,57570
Brooklyn,Flatbush,11226,713940,5,48495,14638,70292,3458,0,0,2795,40.64727,-73.9571,91183
Manhattan,Gramercy Park and Murray Hill,10010,713940,32,115084,24676,1926,4903,0,0,1132,40.73885,-73.98504,32637
Manhattan,Gramercy Park and Murray Hill,10016,713940,23,109250,36391,1780,10475,20,20,2065,40.74594,-73.97955,50751
Manhattan,Gramercy Park and Murray Hill,10017,713940,16,118469,12477,353,3241,5,5,237,40.75304,-73.97497,16318
Manhattan,Gramercy Park and Murray Hill,10022,713940,34,133208,26014,459,3431,0,0,600,40.75938,-73.9751,30504
Brooklyn,Greenpoint,11211,713940,8,66113,76636,6581,5924,19,19,2646,40.71164,-73.95416,91825
Brooklyn,Greenpoint,11222,713940,6,78287,30102,1449,2174,9,9,1455,40.72766,-73.9498,35198
Manhattan,Greenwich Village and Soho,10012,713940,22,104561,18138,761,4188,21,21,1061,40.72563,-73.99833,24190
Manhattan,Greenwich Village and Soho,10013,713940,25,106056,15957,1325,10358,0,0,1374,40.7174,-73.9989,29014
Manhattan,Greenwich Village and Soho,10014,713940,13,127973,28289,434,1789,0,0,780,40.73381,-74.00505,31292
Bronx,High Bridge and Morrisania,10451,713940,3,26979,5705,19097,907,53,53,1849,40.82227,-73.92075,27664
Bronx,High Bridge and Morrisania,10452,713940,1,27206,9144,24530,1085,35,35,2997,40.83744,-73.92133,37826
Bronx,High Bridge and Morrisania,10456,713940,2,26724,8974,39818,1180,106,106,2777,40.83086,-73.90977,52961
Bronx,Hunts Point and Mott Haven,10454,713940,1,21542,4899,11047,176,14,14,1269,40.80767,-73.91866,17419
Bronx,Hunts Point and Mott Haven,10455,713940,3,25489,4878,12488,408,68,68,1089,40.81524,-73.90794,18999
Bronx,Hunts Point and Mott Haven,10459,713940,1,25762,5829,16754,353,0,0,1109,40.82528,-73.89411,24045
Manhattan,Inwood and Washington Heights,10031,713940,1,44040,19676,18827,2456,8,8,10462,40.82518,-73.94904,51437
Manhattan,Inwood and Washington Heights,10032,713940,2,41890,19503,12804,2772,88,88,6570,40.83798,-73.94135,41825
Manhattan,Inwood and Washington Heights,10033,713940,4,53044,25298,6049,1136,58,58,5025,40.84971,-73.93579,37624
Manhattan,Inwood and Washington Heights,10034,713940,2,50909,16299,4714,995,99,99,2430,40.86668,-73.92149,24636
Manhattan,Inwood and Washington Heights,10040,713940,1,47189,16319,4590,1201,0,0,2753,40.85808,-73.92994,24863
Queens,Jamaica,11432,713940,3,52975,14385,10167,26636,98,98,2890,40.71184,-73.79366,54274
Queens,Jamaica,11433,713940,1,48795,1144,24343,2599,9,9,1089,40.69756,-73.7884,29193
Queens,Jamaica,11434,713940,1,60702,1891,58526,1390,0,0,1262,40.67631,-73.77527,63069
Bronx,Kingsbridge and Riverdale,10463,713940,10,58881,31955,11285,2442,110,110,4012,40.88134,-73.90593,49914
Bronx,Kingsbridge and Riverdale,10471,713940,1,80932,15240,2313,1520,0,0,764,40.90142,-73.90338,19837
Manhattan,Lower East Side,10002,713940,7,35449,24502,5817,33675,5,5,2697,40.71843,-73.99444,66701
Manhattan,Lower East Side,10003,713940,22,104441,42881,2245,7246,53,53,1265,40.72452,-73.99119,53743
Manhattan,Lower East Side,10009,713940,5,60521,36482,5286,8046,36,36,1988,40.72626,-73.98086,51874
Manhattan,Lower Manhattan,10004,713940,5,140450,2060,34,790,10,10,65,40.70538,-74.01139,2969
Manhattan,Lower Manhattan,10005,713940,9,154213,6494,270,1404,0,0,320,40.70602,-74.00887,8488
Manhattan,Lower Manhattan,10006,713940,1,145893,2490,60,662,0,0,254,40.70771,-74.01316,3466
Manhattan,Lower Manhattan,10007,713940,9,242644,5110,385,955,0,0,457,40.71388,-74.00802,6907
Manhattan,Lower Manhattan,10038,713940,8,85032,11278,2176,7622,0,0,573,40.70912,-74.00537,21649
Manhattan,Lower Manhattan,10280,713940,3,161419,7346,172,1835,0,0,306,40.70824,-74.01764,9659
Staten Island,Mid-Island,10314,713940,10,80956,67272,4220,14068,88,88,1863,40.60459,-74.14568,87599
Queens,North Queens,11354,713940,6,44512,11934,2097,35922,6,6,1548,40.76621,-73.82533,51513
Queens,North Queens,11355,713940,4,38370,10650,2761,60276,83,83,1960,40.75478,-73.82336,75813
Queens,North Queens,11356,713940,1,59712,8370,569,7543,55,55,877,40.7853,-73.84488,17469
Queens,North Queens,11357,713940,5,81053,28912,205,9362,15,15,1193,40.78663,-73.80969,39702
Queens,North Queens,11358,713940,6,65932,16059,459,16591,0,0,894,40.76138,-73.79756,34003
Queens,North Queens,11360,713940,3,84476,12738,180,5791,0,0,301,40.78021,-73.78056,19010
Queens,Northeast Queens,11361,713940,6,82020,14572,964,11334,0,0,633,40.76276,-73.77285,27503
Queens,Northeast Queens,11362,713940,1,80828,9075,186,8089,0,0,469,40.76144,-73.73341,17819
Queens,Northeast Queens,11364,713940,1,71030,14707,931,18079,4,4,694,40.7467,-73.75986,34419
Brooklyn,Northwest Brooklyn,11201,713940,26,116446,39710,8353,7233,134,134,3316,40.69378,-73.99131,58880
Brooklyn,Northwest Brooklyn,11205,713940,4,51574,20970,14864,3499,7,7,1634,40.69343,-73.96553,40981
Brooklyn,Northwest Brooklyn,11215,713940,15,116893,53737,3081,5488,0,0,4444,40.66782,-73.98313,66750
Brooklyn,Northwest Brooklyn,11217,713940,8,99085,23229,7685,3010,23,23,1661,40.68204,-73.97848,35631
Brooklyn,Northwest Brooklyn,11231,713940,6,93575,25184,5023,1951,0,0,2067,40.68024,-74.00052,34225
Queens,Northwest Queens,11101,713940,14,57866,13414,4814,5970,40,40,1351,40.74892,-73.93912,25629
Queens,Northwest Queens,11102,713940,4,60436,19180,3555,5499,47,47,870,40.77028,-73.924,29198
Queens,Northwest Queens,11103,713940,7,65229,26680,1021,5820,46,46,1334,40.76303,-73.91426,34947
Queens,Northwest Queens,11104,713940,3,63122,17715,384,5407,0,0,668,40.74403,-73.92119,24174
Queens,Northwest Queens,11105,713940,3,68050,27702,916,5100,0,0,979,40.77683,-73.91037,34697
Queens,Northwest Queens,11106,713940,1,60725,21585,2795,8557,0,0,1878,40.7614,-73.92806,34815
Staten Island,Port Richmond,10302,713940,3,60968,11856,3330,1255,2,2,768,40.63115,-74.13699,17213
Staten Island,Port Richmond,10310,713940,1,69838,14011,5256,1546,0,0,1056,40.63245,-74.1167,21869
Queens,Rockaways,11691,713940,2,42434,26523,30289,1907,62,62,1053,40.601,-73.75582,59896
Queens,Rockaways,11692,713940,1,45816,4941,11997,1193,0,0,492,40.59247,-73.79277,18623
Queens,Rockaways,11694,713940,2,77547,17506,1463,616,0,0,236,40.57847,-73.84172,19821
Staten Island,South Shore,10306,713940,7,80025,46587,1597,3499,0,0,930,40.56962,-74.11691,52613
Staten Island,South Shore,10307,713940,1,81356,14736,53,465,0,0,52,40.50843,-74.24217,15306
Staten Island,South Shore,10308,713940,2,91953,27805,304,1417,14,14,214,40.5512,-74.15078,29768
Staten Island,South Shore,10309,713940,13,100343,31146,367,1277,0,0,226,40.53309,-74.21447,33016
Staten Island,South Shore,10312,713940,3,90797,55809,721,3419,47,47,677,40.5435,-74.17707,60720
Bronx,Southeast Bronx,10461,713940,5,55847,24520,4689,6005,45,45,1869,40.84567,-73.84025,37173
Bronx,Southeast Bronx,10462,713940,3,49962,18480,21810,10074,20,20,3951,40.84338,-73.85973,54355
Bronx,Southeast Bronx,10465,713940,5,74079,26954,5188,1513,7,7,1405,40.82598,-73.81958,35074
Bronx,Southeast Bronx,10473,713940,1,38924,23831,24898,1179,0,0,2081,40.81926,-73.86059,51989
Queens,Southeast Queens,11004,713940,1,93315,6521,1115,5863,42,42,690,40.74409,-73.71107,14273
Queens,Southeast Queens,11411,713940,1,87231,429,18617,65,0,0,364,40.69428,-73.73713,19475
Queens,Southeast Queens,11413,713940,1,83459,957,39347,579,82,82,678,40.6719,-73.75203,41725
Queens,Southeast Queens,11422,713940,1,86996,2177,28615,710,0,0,785,40.66345,-73.73432,32287
Queens,Southeast Queens,11426,713940,2,83376,8767,1031,8931,0,0,642,40.73312,-73.72194,19371
Queens,Southeast Queens,11427,713940,1,72874,6298,5247,8036,0,0,1487,40.72801,-73.7505,21068
Brooklyn,Southern Brooklyn,11223,713940,11,46310,48854,3684,19523,138,138,1932,40.59857,-73.97318,74269
Brooklyn,Southern Brooklyn,11224,713940,3,31630,26169,10657,2673,24,24,1150,40.57709,-73.98646,40697
Brooklyn,Southern Brooklyn,11229,713940,6,59287,56521,4860,19088,76,76,1578,40.60242,-73.94901,82199
Brooklyn,Southern Brooklyn,11235,713940,7,49653,61548,2046,11422,0,0,1793,40.58329,-73.95443,76809
Brooklyn,Southwest Brooklyn,11209,713940,7,69578,50779,1618,9055,35,35,2280,40.6243,-74.03,63802
Brooklyn,Southwest Brooklyn,11214,713940,5,53151,48521,1404,35001,12,12,1724,40.60171,-73.99618,86674
Brooklyn,Southwest Brooklyn,11228,713940,2,63697,26445,405,14861,34,34,778,40.61853,-74.01112,42557
Queens,Southwest Queens,11414,713940,4,72632,22755,813,1177,0,0,1399,40.66152,-73.84438,26144
Queens,Southwest Queens,11415,713940,4,65981,11915,1107,3896,0,0,771,40.70779,-73.83066,17689
Queens,Southwest Queens,11416,713940,2,61285,7720,1606,9234,26,26,1759,40.68425,-73.85028,20371
Queens,Southwest Queens,11417,713940,1,69989,12108,2250,9794,7,7,1743,40.67691,-73.84478,25909
Queens,Southwest Queens,11418,713940,2,67003,15604,2959,10254,0,0,2059,40.69916,-73.83373,30876
Queens,Southwest Queens,11420,713940,2,66220,7837,11937,14367,54,54,3370,40.67505,-73.81548,37619
Queens,Southwest Queens,11421,713940,1,69053,21617,1843,8921,0,0,2213,40.69303,-73.85611,34594
Staten Island,Stapleton and St. George,10301,713940,2,55818,21731,10554,2347,0,0,2196,40.63176,-74.09112,36828
Staten Island,Stapleton and St. George,10304,713940,1,54567,22095,11164,4044,14,14,1118,40.61132,-74.08738,38449
Brooklyn,Sunset Park,11220,713940,2,42559,28174,2369,41798,0,0,2376,40.64132,-74.01347,74717
Manhattan,Upper East Side,10021,713940,18,123842,36394,550,4756,112,112,1232,40.76846,-73.95888,43156
Manhattan,Upper East Side,10028,713940,14,119203,43504,688,4516,0,0,1080,40.77594,-73.95254,49788
Manhattan,Upper East Side,10044,713940,2,92623,5805,1589,3650,0,0,495,40.76241,-73.94954,11539
Manhattan,Upper East Side,10065,713940,10,124322,26200,694,2200,0,0,328,40.76486,-73.95674,29422
Manhattan,Upper East Side,10075,713940,6,129594,19979,292,960,0,0,580,40.77284,-73.95522,21811
Manhattan,Upper East Side,10128,713940,18,111937,49800,2747,6176,0,0,2498,40.78133,-73.95034,61221
Manhattan,Upper West Side,10023,713940,23,123951,49091,2266,6762,18,18,1435,40.77704,-73.98199,59590
Manhattan,Upper West Side,10024,713940,17,126107,48514,2724,4050,0,0,1574,40.78635,-73.97543,56862
Manhattan,Upper West Side,10025,713940,11,82352,60801,11824,9232,23,23,3700,40.79818,-73.96743,85603
Queens,West Central Queens,11374,713940,5,56863,23949,1724,13137,0,0,1794,40.72805,-73.86066,40604
Queens,West Central Queens,11375,713940,12,76467,45164,1896,20712,68,68,3000,40.72255,-73.84545,70908
Queens,West Central Queens,11385,713940,7,64481,87369,2142,7578,40,40,2030,40.704,-73.89949,99199
Queens,West Queens,11368,713940,4,47862,45355,13897,14013,12,12,2856,40.74681,-73.86054,76145
Queens,West Queens,11372,713940,5,53963,37858,1706,13151,176,176,2100,40.75164,-73.88351,55167
Queens,West Queens,11373,713940,1,49098,23348,2303,48874,12,12,2402,40.74127,-73.87868,76951
Queens,West Queens,11377,713940,5,54989,43531,2141,33982,0,0,2916,40.74492,-73.9062,82570
Queens,West Queens,11378,713940,2,68460,26531,511,3990,32,32,921,40.72381,-73.9028,32017
